Round,Nat Send Len
0,0.5
1,17
2,16
3,17
4,22
5,20
6,16
7,16
8,14
9,13
10,3
11,7
12,8
13,13
14,5
15,8
16,26
17,32
18,19
19,29
20,1
21,9
22,23
23,5
24,53
25,29
26,20
27,17
28,16
29,39
30,1
31,48.293999
32,9.53
33,22.75
34,8.44166
35,41.141998
36,21.698
37,82.385
38,58.92083
39,90
40,2
41,35.68
42,25
43,21
44,14.55
45,11.9
46,35
47,15
48,32.120002
49,30
50,0.1
